ACT Symbol,Company Name,Security Type,Weight,Value,Industry
MSFT,MICROSOFT CORP,Equity,3.64,"5,839,707,806.91",Information Technology
AAPL,APPLE INC,Equity,3.31,"5,309,263,642.76",Information Technology
AMZN,AMAZON COM INC,Equity,2.85,"4,562,854,958.76",Consumer Discretionary
BRKB,BERKSHIRE HATHAWAY INC CLASS B,Equity,1.67,"2,674,099,068.65",Financials
FB,FACEBOOK CLASS A INC,Equity,1.65,"2,648,710,135.08",Communication
JNJ,JOHNSON & JOHNSON,Equity,1.56,"2,495,491,306.40",Health Care
JPM,JPMORGAN CHASE & CO,Equity,1.48,"2,378,454,015.00",Financials
GOOG,ALPHABET INC CLASS C,Equity,1.45,"2,326,301,765.53",Communication
GOOGL,ALPHABET INC CLASS A,Equity,1.42,"2,273,501,508.96",Communication
XOM,EXXON MOBIL CORP,Equity,1.41,"2,261,540,499.66",Energy
BAC,BANK OF AMERICA CORP,Equity,1.13,"1,807,991,188.96",Financials
UNH,UNITEDHEALTH GROUP INC,Equity,1.09,"1,749,876,340.95",Health Care
V,VISA INC CLASS A,Equity,1.09,"1,745,505,801.38",Information Technology
PG,PROCTER & GAMBLE,Equity,1.06,"1,701,301,046.00",Consumer Staples
PFE,PFIZER INC,Equity,1.06,"1,691,077,697.76",Health Care
INTC,INTEL CORP,Equity,1.02,"1,631,296,135.23",Information Technology
VZ,VERIZON COMMUNICATIONS INC,Equity,1,"1,602,044,876.76",Communication
CVX,CHEVRON CORP,Equity,0.97,"1,553,906,695.76",Energy
T,AT&T INC,Equity,0.96,"1,543,745,343.70",Communication
CSCO,CISCO SYSTEMS INC,Equity,0.96,"1,534,103,368.65",Information Technology
BA,BOEING,Equity,0.95,"1,524,917,724.00",Industrials
HD,HOME DEPOT INC,Equity,0.92,"1,480,288,677.12",Consumer Discretionary
MRK,MERCK & CO INC,Equity,0.89,"1,430,704,614.09",Health Care
WFC,WELLS FARGO,Equity,0.88,"1,414,662,101.52",Financials
MA,MASTERCARD INC CLASS A,Equity,0.86,"1,381,638,632.52",Information Technology
CMCSA,COMCAST CORP CLASS A,Equity,0.75,"1,194,024,829.14",Communication
KO,COCA-COLA,Equity,0.74,"1,181,547,775.84",Consumer Staples
DIS,WALT DISNEY,Equity,0.73,"1,168,647,792.75",Communication
PEP,PEPSICO INC,Equity,0.7,"1,122,643,780.44",Consumer Staples
NFLX,NETFLIX INC,Equity,0.67,"1,078,366,882.88",Communication
C,CITIGROUP INC,Equity,0.67,"1,067,023,739.70",Financials
WMT,WALMART INC,Equity,0.6,"965,331,173.40",Consumer Staples
MCD,MCDONALDS CORP,Equity,0.6,"960,926,305.30",Consumer Discretionary
PM,PHILIP MORRIS INTERNATIONAL INC,Equity,0.58,"922,219,557.00",Consumer Staples
ABT,ABBOTT LABORATORIES,Equity,0.57,"910,759,862.47",Health Care
ORCL,ORACLE CORP,Equity,0.57,"910,494,307.84",Information Technology
IBM,INTERNATIONAL BUSINESS MACHINES CO,Equity,0.54,"862,506,423.50",Information Technology
ADBE,ADOBE INC,Equity,0.54,"860,315,638.50",Information Technology
DWDP,DOWDUPONT INC,Equity,0.54,"858,989,034.82",Materials
MDT,MEDTRONIC PLC,Equity,0.54,"857,446,945.50",Health Care
UNP,UNION PACIFIC CORP,Equity,0.53,"853,480,632.18",Industrials
CRM,SALESFORCE.COM INC,Equity,0.52,"840,528,822.33",Information Technology
MMM,3M,Equity,0.52,"830,087,823.20",Industrials
ABBV,ABBVIE INC,Equity,0.51,"819,273,887.28",Health Care
AMGN,AMGEN INC,Equity,0.51,"813,396,562.50",Health Care
LLY,ELI LILLY,Equity,0.5,"796,335,688.00",Health Care
AVGO,BROADCOM INC,Equity,0.49,"778,179,941.00",Information Technology
HON,HONEYWELL INTERNATIONAL INC,Equity,0.48,"772,520,345.20",Industrials
PYPL,PAYPAL HOLDINGS INC,Equity,0.48,"771,053,506.38",Information Technology
NKE,NIKE INC CLASS B,Equity,0.46,"735,244,517.28",Consumer Discretionary
UTX,UNITED TECHNOLOGIES CORP,Equity,0.44,"705,802,885.47",Industrials
TXN,TEXAS INSTRUMENT INC,Equity,0.44,"702,150,040.83",Information Technology
ACN,ACCENTURE PLC CLASS A,Equity,0.44,"700,719,914.50",Information Technology
TMO,THERMO FISHER SCIENTIFIC INC,Equity,0.43,"691,337,107.30",Health Care
NVDA,NVIDIA CORP,Equity,0.41,"661,452,279.28",Information Technology
MO,ALTRIA GROUP INC,Equity,0.41,"659,163,950.00",Consumer Staples
LIN,LINDE PLC,Equity,0.41,"651,241,619.00",Materials
COST,COSTCO WHOLESALE CORP,Equity,0.4,"645,123,424.62",Consumer Staples
NEE,NEXTERA ENERGY INC,Equity,0.38,"612,477,533.04",Utilities
GE,GENERAL ELECTRIC,Equity,0.38,"602,550,807.39",Industrials
BKNG,BOOKING HOLDINGS INC,Equity,0.38,"602,159,604.12",Consumer Discretionary
SBUX,STARBUCKS CORP,Equity,0.38,"601,986,684.30",Consumer Discretionary
LOW,LOWES COMPANIES INC,Equity,0.36,"580,681,171.62",Consumer Discretionary
GILD,GILEAD SCIENCES INC,Equity,0.36,"579,286,088.50",Health Care
BMY,BRISTOL MYERS SQUIBB,Equity,0.35,"566,299,706.56",Health Care
ANTM,ANTHEM INC,Equity,0.35,"556,988,097.75",Health Care
CAT,CATERPILLAR INC,Equity,0.35,"556,562,918.52",Industrials
COP,CONOCOPHILLIPS,Equity,0.34,"548,146,589.31",Energy
CVS,CVS HEALTH CORP,Equity,0.34,"545,280,616.65",Health Care
USB,US BANCORP,Equity,0.33,"530,225,969.60",Financials
AMT,AMERICAN TOWER REIT CORP,Equity,0.33,"529,430,585.37",Real Estate
UPS,UNITED PARCEL SERVICE INC CLASS B,Equity,0.33,"522,034,142.24",Industrials
LMT,LOCKHEED MARTIN CORP,Equity,0.32,"517,647,344.42",Industrials
AXP,AMERICAN EXPRESS,Equity,0.32,"512,190,654.00",Financials
CI,CIGNA CORP,Equity,0.31,"502,244,864.28",Health Care
DHR,DANAHER CORP,Equity,0.3,"476,779,184.24",Health Care
MDLZ,MONDELEZ INTERNATIONAL INC CLASS A,Equity,0.29,"472,311,849.52",Consumer Staples
GS,GOLDMAN SACHS GROUP INC,Equity,0.29,"461,826,372.00",Financials
ADP,AUTOMATIC DATA PROCESSING INC,Equity,0.29,"456,749,060.40",Information Technology
BDX,BECTON DICKINSON,Equity,0.28,"456,207,712.56",Health Care
BIIB,BIOGEN INC,Equity,0.28,"446,527,462.21",Health Care
INTU,INTUIT INC,Equity,0.28,"442,980,366.96",Information Technology
QCOM,QUALCOMM INC,Equity,0.27,"438,593,141.76",Information Technology
DUK,DUKE ENERGY CORP,Equity,0.27,"436,100,363.10",Utilities
CME,CME GROUP INC CLASS A,Equity,0.27,"433,491,699.56",Financials
ISRG,INTUITIVE SURGICAL INC,Equity,0.27,"428,747,208.18",Health Care
CELG,CELGENE CORP,Equity,0.27,"424,692,732.76",Health Care
TJX,TJX INC,Equity,0.26,"424,434,589.40",Consumer Discretionary
CB,CHUBB LTD,Equity,0.26,"422,022,838.33",Financials
CHTR,CHARTER COMMUNICATIONS INC CLASS A,Equity,0.26,"420,368,012.16",Communication
SLB,SCHLUMBERGER NV,Equity,0.26,"418,430,535.24",Energy
CSX,CSX CORP,Equity,0.25,"400,041,233.64",Industrials
SYK,STRYKER CORP,Equity,0.25,"399,161,572.20",Health Care
CL,COLGATE-PALMOLIVE,Equity,0.25,"395,409,038.10",Consumer Staples
D,DOMINION ENERGY INC,Equity,0.24,"390,504,137.65",Utilities
PNC,PNC FINANCIAL SERVICES GROUP INC,Equity,0.24,"390,305,997.90",Financials
SPG,SIMON PROPERTY GROUP REIT INC,Equity,0.24,"386,844,874.02",Real Estate
WBA,WALGREEN BOOTS ALLIANCE INC,Equity,0.24,"385,710,881.02",Consumer Staples
BSX,BOSTON SCIENTIFIC CORP,Equity,0.24,"381,939,737.12",Health Care
SCHW,CHARLES SCHWAB CORP,Equity,0.24,"377,424,744.75",Financials
EOG,EOG RESOURCES INC,Equity,0.24,"376,850,660.73",Energy
MS,MORGAN STANLEY,Equity,0.23,"372,138,863.46",Financials
FOXA,TWENTY FIRST CENTURY FOX INC CLASS,Equity,0.23,"369,069,918.91",Communication
DE,DEERE,Equity,0.23,"363,978,184.92",Industrials
RTN,RAYTHEON,Equity,0.23,"361,896,878.42",Industrials
BLK,BLACKROCK INC,Equity,0.23,"360,763,474.00",Financials
GM,GENERAL MOTORS,Equity,0.22,"357,542,432.04",Consumer Discretionary
SO,SOUTHERN,Equity,0.22,"353,006,459.16",Utilities
SPGI,S&P GLOBAL INC,Equity,0.22,"344,510,642.56",Financials
NOC,NORTHROP GRUMMAN CORP,Equity,0.21,"341,974,396.61",Industrials
NSC,NORFOLK SOUTHERN CORP,Equity,0.21,"339,487,913.70",Industrials
OXY,OCCIDENTAL PETROLEUM CORP,Equity,0.21,"339,076,143.96",Energy
CCI,CROWN CASTLE INTERNATIONAL REIT CO,Equity,0.21,"338,727,926.78",Real Estate
BK,BANK OF NEW YORK MELLON CORP,Equity,0.21,"329,779,220.16",Financials
GD,GENERAL DYNAMICS CORP,Equity,0.2,"327,185,186.44",Industrials
MU,MICRON TECHNOLOGY INC,Equity,0.2,"324,656,145.99",Information Technology
VRTX,VERTEX PHARMACEUTICALS INC,Equity,0.2,"323,569,956.96",Health Care
EXC,EXELON CORP,Equity,0.2,"321,049,064.02",Utilities
MMC,MARSH & MCLENNAN INC,Equity,0.2,"318,084,817.35",Financials
ZTS,ZOETIS INC CLASS A,Equity,0.19,"310,324,868.23",Health Care
PLD,PROLOGIS REIT INC,Equity,0.19,"307,109,926.14",Real Estate
MPC,MARATHON PETROLEUM CORP,Equity,0.19,"305,966,499.58",Energy
ILMN,ILLUMINA INC,Equity,0.19,"301,611,842.98",Health Care
ITW,ILLINOIS TOOL INC,Equity,0.19,"301,162,108.94",Industrials
MET,METLIFE INC,Equity,0.19,"300,234,391.52",Financials
FDX,FEDEX CORP,Equity,0.19,"298,646,154.09",Industrials
AGN,ALLERGAN,Equity,0.18,"295,171,935.60",Health Care
EMR,EMERSON ELECTRIC,Equity,0.18,"292,895,298.75",Industrials
ICE,INTERCONTINENTAL EXCHANGE INC,Equity,0.18,"291,182,740.38",Financials
ECL,ECOLAB INC,Equity,0.18,"289,867,733.31",Materials
HUM,HUMANA INC,Equity,0.18,"289,308,939.92",Health Care
PGR,PROGRESSIVE CORP,Equity,0.18,"286,488,759.15",Financials
CTSH,COGNIZANT TECHNOLOGY SOLUTIONS COR,Equity,0.18,"285,096,279.16",Information Technology
KMB,KIMBERLY CLARK CORP,Equity,0.18,"281,483,679.30",Consumer Staples
AON,AON PLC CLASS A,Equity,0.18,"281,110,251.52",Financials
PSX,PHILLIPS,Equity,0.18,"280,420,458.48",Energy
AEP,AMERICAN ELECTRIC POWER INC,Equity,0.17,"274,498,378.92",Utilities
BBT,BB AND T CORP,Equity,0.17,"271,338,449.19",Financials
APD,AIR PRODUCTS AND CHEMICALS INC,Equity,0.17,"269,350,187.16",Materials
PRU,PRUDENTIAL FINANCIAL INC,Equity,0.17,"267,026,080.05",Financials
ADI,ANALOG DEVICES INC,Equity,0.17,"266,617,622.18",Information Technology
WM,WASTE MANAGEMENT INC,Equity,0.17,"266,367,660.24",Industrials
AMAT,APPLIED MATERIAL INC,Equity,0.16,"264,238,449.51",Information Technology
HCA,HCA HEALTHCARE INC,Equity,0.16,"262,021,147.44",Health Care
COF,CAPITAL ONE FINANCIAL CORP,Equity,0.16,"261,856,439.60",Financials
AIG,AMERICAN INTERNATIONAL GROUP INC,Equity,0.16,"258,200,222.55",Financials
HPQ,HP INC,Equity,0.16,"256,695,705.82",Information Technology
TGT,TARGET CORP,Equity,0.16,"256,535,112.75",Consumer Discretionary
AFL,AFLAC INC,Equity,0.16,"252,470,985.00",Financials
BAX,BAXTER INTERNATIONAL INC,Equity,0.16,"251,325,532.88",Health Care
KMI,KINDER MORGAN INC,Equity,0.16,"249,780,841.80",Energy
XTSLA,BLK CSH FND TREASURY SL AGENCY,Money Market,0.16,"248,959,301.77",Cash and/or Derivatives
MAR,MARRIOTT INTERNATIONAL INC CLASS A,Equity,0.16,"248,493,836.84",Consumer Discretionary
USD,USD CASH,Cash,0.15,"247,317,149.16",Cash and/or Derivatives
SHW,SHERWIN WILLIAMS,Equity,0.15,"247,171,211.28",Materials
VLO,VALERO ENERGY CORP,Equity,0.15,"245,820,827.16",Energy
EW,EDWARDS LIFESCIENCES CORP,Equity,0.15,"245,190,188.10",Health Care
ADSK,AUTODESK INC,Equity,0.15,"240,925,436.06",Information Technology
FIS,FIDELITY NATIONAL INFORMATION SERV,Equity,0.15,"239,849,473.00",Information Technology
ROST,ROSS STORES INC,Equity,0.15,"239,449,719.50",Consumer Discretionary
ETN,EATON PLC,Equity,0.15,"239,357,179.32",Industrials
EL,ESTEE LAUDER INC CLASS A,Equity,0.15,"238,156,014.50",Consumer Staples
TRV,TRAVELERS COMPANIES INC,Equity,0.15,"235,866,920.72",Financials
EQIX,EQUINIX REIT INC,Equity,0.15,"234,653,505.10",Real Estate
F,F MOTOR,Equity,0.14,"232,329,581.90",Consumer Discretionary
EBAY,EBAY INC,Equity,0.14,"231,137,921.78",Consumer Discretionary
FISV,FISERV INC,Equity,0.14,"230,795,568.52",Information Technology
JCI,JOHNSON CONTROLS INTERNATIONAL PLC,Equity,0.14,"226,176,929.30",Industrials
ROP,ROPER TECHNOLOGIES INC,Equity,0.14,"224,080,144.26",Industrials
WMB,WILLIAMS INC,Equity,0.14,"223,543,095.80",Energy
REGN,REGENERON PHARMACEUTICALS INC,Equity,0.14,"223,433,646.24",Health Care
ALL,ALLSTATE CORP,Equity,0.14,"221,549,611.85",Financials
RHT,RED HAT INC,Equity,0.14,"220,885,516.01",Information Technology
SRE,SEMPRA ENERGY,Equity,0.14,"220,869,468.16",Utilities
SYY,SYSCO CORP,Equity,0.14,"219,775,825.47",Consumer Staples
DAL,DELTA AIR LINES INC,Equity,0.14,"217,940,728.32",Industrials
ATVI,ACTIVISION BLIZZARD INC,Equity,0.13,"215,692,141.50",Communication
XLNX,XILINX INC,Equity,0.13,"211,577,669.25",Information Technology
DG,DOLLAR GENERAL CORP,Equity,0.13,"210,810,038.58",Consumer Discretionary
ORLY,OREILLY AUTOMOTIVE INC,Equity,0.13,"209,147,449.31",Consumer Discretionary
PSA,PUBLIC STORAGE REIT,Equity,0.13,"205,462,498.60",Real Estate
YUM,YUM BRANDS INC,Equity,0.13,"202,944,609.75",Consumer Discretionary
STI,SUNTRUST BANKS INC,Equity,0.13,"202,824,437.79",Financials
ALXN,ALEXION PHARMACEUTICALS INC,Equity,0.12,"198,110,293.81",Health Care
PEG,PUBLIC SERVICE ENTERPRISE GROUP IN,Equity,0.12,"197,660,475.60",Utilities
EA,ELECTRONIC ARTS INC,Equity,0.12,"196,321,478.32",Communication
MCO,MOODYS CORP,Equity,0.12,"196,085,652.40",Financials
TEL,TE CONNECTIVITY LTD,Equity,0.12,"194,547,235.00",Information Technology
APH,AMPHENOL CORP CLASS A,Equity,0.12,"193,628,793.38",Information Technology
XEL,XCEL ENERGY INC,Equity,0.12,"193,511,158.19",Utilities
WELL,WELLTOWER INC,Equity,0.12,"193,033,156.16",Real Estate
VFC,VF CORP,Equity,0.12,"192,063,648.50",Consumer Discretionary
LYB,LYONDELLBASELL INDUSTRIES NV CLASS,Equity,0.12,"190,806,933.34",Materials
OKE,ONEOK INC,Equity,0.12,"190,752,707.20",Energy
STZ,CONSTELLATION BRANDS INC CLASS A,Equity,0.12,"190,699,003.76",Consumer Staples
GLW,CORNING INC,Equity,0.12,"189,989,444.90",Information Technology
GIS,GENERAL MILLS INC,Equity,0.12,"189,417,756.32",Consumer Staples
LRCX,LAM RESEARCH CORP,Equity,0.12,"188,444,632.62",Information Technology
STT,STATE STREET CORP,Equity,0.12,"187,385,462.80",Financials
EQR,EQUITY RESIDENTIAL REIT,Equity,0.12,"186,785,988.22",Real Estate
HAL,HALLIBURTON,Equity,0.12,"186,534,716.40",Energy
AVB,AVALONBAY COMMUNITIES REIT INC,Equity,0.12,"184,916,298.32",Real Estate
LUV,SOUTHWEST AIRLINES,Equity,0.12,"184,847,657.68",Industrials
PPG,PPG INDUSTRIES INC,Equity,0.11,"182,108,561.60",Materials
IR,INGERSOLL RAND PLC,Equity,0.11,"178,742,431.28",Industrials
CNC,CENTENE CORP,Equity,0.11,"178,108,337.08",Health Care
MCK,MCKESSON CORP,Equity,0.11,"174,898,925.19",Health Care
ED,CONSOLIDATED EDISON INC,Equity,0.11,"174,336,558.60",Utilities
ZBH,ZIMMER BIOMET HOLDINGS INC,Equity,0.11,"173,739,643.68",Health Care
HLT,HILTON WORLDWIDE HOLDINGS INC,Equity,0.11,"172,651,544.34",Consumer Discretionary
A,AGILENT TECHNOLOGIES INC,Equity,0.11,"170,460,926.64",Health Care
FOX,TWENTY-FIRST CENTURY FOX INC CLASS,Equity,0.11,"169,176,828.21",Communication
DLR,DIGITAL REALTY TRUST REIT INC,Equity,0.1,"166,507,954.01",Real Estate
PCAR,PACCAR INC,Equity,0.1,"165,962,960.59",Industrials
PAYX,PAYCHEX INC,Equity,0.1,"165,703,082.96",Information Technology
PXD,PIONEER NATURAL RESOURCE,Equity,0.1,"165,342,955.86",Energy
WEC,WEC ENERGY GROUP INC,Equity,0.1,"164,890,346.88",Utilities
MTB,M&T BANK CORP,Equity,0.1,"164,889,253.62",Financials
DFS,DISCOVER FINANCIAL SERVICES,Equity,0.1,"163,485,187.56",Financials
ADM,ARCHER DANIELS MIDLAND,Equity,0.1,"162,339,800.91",Consumer Staples
FTV,FORTIVE CORP,Equity,0.1,"162,316,143.67",Industrials
CCL,CARNIVAL CORP,Equity,0.1,"159,831,409.54",Consumer Discretionary
TROW,T ROWE PRICE GROUP INC,Equity,0.1,"159,440,085.50",Financials
PH,PARKER-HANNIFIN CORP,Equity,0.1,"159,398,079.12",Industrials
MNST,MONSTER BEVERAGE CORP,Equity,0.1,"158,476,131.00",Consumer Staples
HPE,HEWLETT PACKARD ENTERPRISE,Equity,0.1,"158,194,770.24",Information Technology
DLTR,DOLLAR TREE INC,Equity,0.1,"157,072,414.59",Consumer Discretionary
AZO,AUTOZONE INC,Equity,0.1,"156,627,746.30",Consumer Discretionary
TWTR,TWITTER INC,Equity,0.1,"156,200,669.52",Communication
VTR,VENTAS REIT INC,Equity,0.1,"156,000,991.75",Real Estate
CMI,CUMMINS INC,Equity,0.1,"155,626,994.32",Industrials
MSI,MOTOROLA SOLUTIONS INC,Equity,0.1,"155,372,480.76",Information Technology
PPL,PPL CORP,Equity,0.1,"155,208,596.20",Utilities
KR,KROGER,Equity,0.1,"155,027,447.40",Consumer Staples
DTE,DTE ENERGY,Equity,0.1,"154,257,436.44",Utilities
IQV,IQVIA HOLDINGS INC,Equity,0.1,"153,731,435.20",Health Care
WLTW,WILLIS TOWERS WATSON PLC,Equity,0.1,"152,336,140.74",Financials
ES,EVERSOURCE ENERGY,Equity,0.09,"151,757,734.80",Utilities
APC,ANADARKO PETROLEUM CORP,Equity,0.09,"150,075,849.04",Energy
KHC,KRAFT HEINZ,Equity,0.09,"148,195,898.70",Consumer Staples
ROK,ROCKWELL AUTOMATION INC,Equity,0.09,"147,016,633.64",Industrials
APTV,APTIV PLC,Equity,0.09,"146,361,050.04",Consumer Discretionary
AMD,ADVANCED MICRO DEVICES INC,Equity,0.09,"145,924,804.20",Information Technology
TDG,TRANSDIGM GROUP INC,Equity,0.09,"145,514,078.52",Industrials
CXO,CONCHO RESOURCES INC,Equity,0.09,"145,021,152.32",Energy
SYF,SYNCHRONY FINANCIAL,Equity,0.09,"143,593,322.16",Financials
MCHP,MICROCHIP TECHNOLOGY INC,Equity,0.09,"142,958,350.08",Information Technology
BXP,BOSTON PROPERTIES REIT INC,Equity,0.09,"142,848,706.71",Real Estate
SWK,STANLEY BLACK & DECKER INC,Equity,0.09,"142,571,095.44",Industrials
RCL,ROYAL CARIBBEAN CRUISES LTD,Equity,0.09,"141,179,728.50",Consumer Discretionary
VRSK,VERISK ANALYTICS INC,Equity,0.09,"140,244,525.61",Industrials
O,REALTY INCOME REIT CORP,Equity,0.09,"140,190,232.16",Real Estate
SBAC,SBA COMMUNICATIONS REIT CORP CLASS,Equity,0.09,"139,862,873.10",Real Estate
UAL,UNITED CONTINENTAL HOLDINGS INC,Equity,0.09,"139,852,869.75",Industrials
NTRS,NORTHERN TRUST CORP,Equity,0.09,"139,291,929.12",Financials
CLX,CLOROX,Equity,0.09,"139,247,752.62",Consumer Staples
FLT,FLEETCOR TECHNOLOGIES INC,Equity,0.09,"138,965,618.93",Information Technology
GPN,GLOBAL PAYMENTS INC,Equity,0.09,"137,384,599.78",Information Technology
EIX,EDISON INTERNATIONAL,Equity,0.09,"137,108,264.70",Utilities
FE,FIRSTENERGY CORP,Equity,0.08,"134,881,375.92",Utilities
HRS,HARRIS CORP,Equity,0.08,"133,391,572.60",Industrials
WY,WEYERHAEUSER REIT,Equity,0.08,"132,874,100.17",Real Estate
NEM,NEWMONT MINING CORP,Equity,0.08,"131,975,301.12",Materials
VRSN,VERISIGN INC,Equity,0.08,"130,714,262.95",Information Technology
NUE,NUCOR CORP,Equity,0.08,"130,652,214.91",Materials
FCX,FREEPORT MCMORAN INC,Equity,0.08,"130,426,854.28",Materials
INFO,IHS MARKIT LTD,Equity,0.08,"129,761,538.60",Industrials
CERN,CERNER CORP,Equity,0.08,"129,579,661.13",Health Care
IP,INTERNATIONAL PAPER,Equity,0.08,"129,066,433.80",Materials
KLAC,KLA TENCOR CORP,Equity,0.08,"128,786,938.75",Information Technology
TSN,TYSON FOODS INC CLASS A,Equity,0.08,"128,407,894.40",Consumer Staples
DXC,DXC TECHNOLOGY,Equity,0.08,"128,349,883.84",Information Technology
AMP,AMERIPRISE FINANCE INC,Equity,0.08,"127,429,908.55",Financials
ESS,ESSEX PROPERTY TRUST REIT INC,Equity,0.08,"126,479,107.44",Real Estate
BLL,BALL CORP,Equity,0.08,"126,163,000.80",Materials
AME,AMETEK INC,Equity,0.08,"125,820,416.00",Industrials
ALGN,ALIGN TECHNOLOGY INC,Equity,0.08,"125,569,862.11",Health Care
KEY,KEYCORP,Equity,0.08,"124,311,774.00",Financials
AWK,AMERICAN WATER WORKS INC,Equity,0.08,"124,226,302.86",Utilities
FAST,FASTENAL,Equity,0.08,"123,664,836.10",Industrials
FITB,FIFTH THIRD BANCORP,Equity,0.08,"122,923,941.14",Financials
IDXX,IDEXX LABORATORIES INC,Equity,0.08,"121,504,085.62",Health Care
CTAS,CINTAS CORP,Equity,0.08,"120,710,668.40",Industrials
WAT,WATER CORP,Equity,0.08,"120,492,725.22",Health Care
AEE,AMEREN CORP,Equity,0.08,"120,371,337.90",Utilities
ULTA,ULTA BEAUTY INC,Equity,0.07,"119,363,398.72",Consumer Discretionary
HIG,HARTFORD FINANCIAL SERVICES GROUP,Equity,0.07,"119,147,667.84",Financials
CBS,CBS CORP CLASS B,Equity,0.07,"118,658,220.06",Communication
CFG,CITIZENS FINANCIAL GROUP INC,Equity,0.07,"118,457,669.40",Financials
OMC,OMNICOM GROUP INC,Equity,0.07,"115,695,975.69",Communication
MTD,METTLER TOLEDO INC,Equity,0.07,"115,523,289.40",Health Care
FRC,FIRST REPUBLIC BANK,Equity,0.07,"115,492,215.79",Financials
LLL,L3 TECHNOLOGIES INC,Equity,0.07,"115,475,578.40",Industrials
RSG,REPUBLIC SERVICES INC,Equity,0.07,"115,310,825.70",Industrials
ETR,ENTERGY CORP,Equity,0.07,"114,239,018.94",Utilities
RF,REGIONS FINANCIAL CORP,Equity,0.07,"113,858,769.92",Financials
NTAP,NETAPP INC,Equity,0.07,"113,288,141.34",Information Technology
MKC,MCCORMICK & CO NON-VOTING INC,Equity,0.07,"112,661,892.42",Consumer Staples
CHD,CHURCH AND DWIGHT INC,Equity,0.07,"112,106,389.68",Consumer Staples
GPC,GENUINE PARTS,Equity,0.07,"111,067,633.25",Consumer Discretionary
CAH,CARDINAL HEALTH INC,Equity,0.07,"110,855,507.40",Health Care
MYL,MYLAN NV,Equity,0.07,"109,707,251.34",Health Care
CBRE,CBRE GROUP INC CLASS A,Equity,0.07,"109,559,176.83",Real Estate
FANG,DIAMONDBACK ENERGY INC,Equity,0.07,"109,297,871.14",Energy
CDNS,CADENCE DESIGN SYSTEMS INC,Equity,0.07,"108,784,619.13",Information Technology
ABMD,ABIOMED INC,Equity,0.07,"107,947,784.80",Health Care
TSS,TOTAL SYSTEM SERVICES INC,Equity,0.07,"107,306,452.06",Information Technology
CNP,CENTERPOINT ENERGY INC,Equity,0.07,"107,196,020.40",Utilities
HSY,HERSHEY FOODS,Equity,0.07,"105,861,460.32",Consumer Staples
MSCI,MSCI INC,Equity,0.07,"105,610,745.12",Financials
SNPS,SYNOPSYS INC,Equity,0.07,"104,978,316.30",Information Technology
KEYS,KEYSIGHT TECHNOLOGIES INC,Equity,0.07,"104,763,038.66",Information Technology
CMS,CMS ENERGY CORP,Equity,0.07,"104,279,770.20",Utilities
MXIM,MAXIM INTEGRATED PRODUCTS INC,Equity,0.06,"104,143,880.10",Information Technology
HBAN,HUNTINGTON BANCSHARES INC,Equity,0.06,"103,624,443.02",Financials
INCY,INCYTE CORP,Equity,0.06,"102,533,333.95",Health Care
HST,HOST HOTELS & RESORTS REIT INC,Equity,0.06,"101,958,468.04",Real Estate
HCP,HCP REIT INC,Equity,0.06,"101,634,656.25",Real Estate
EXPE,EXPEDIA GROUP INC,Equity,0.06,"101,329,278.12",Consumer Discretionary
LH,LABORATORY CORPORATION OF AMERICA,Equity,0.06,"101,280,122.04",Health Care
VMC,VULCAN MATERIALS,Equity,0.06,"100,971,759.24",Materials
CMG,CHIPOTLE MEXICAN GRILL INC,Equity,0.06,"100,496,635.26",Consumer Discretionary
AJG,ARTHUR J GALLAGHER,Equity,0.06,"100,302,105.80",Financials
ARE,ALEXANDRIA REAL ESTATE EQUITIES RE,Equity,0.06,"100,191,697.28",Real Estate
AAL,AMERICAN AIRLINES GROUP INC,Equity,0.06,"99,922,343.43",Industrials
LEN,LENNAR A CORP,Equity,0.06,"99,875,794.50",Consumer Discretionary
EVRG,EVERGY INC,Equity,0.06,"99,591,287.89",Utilities
ANSS,ANSYS INC,Equity,0.06,"98,825,422.56",Information Technology
COO,COOPER INC,Equity,0.06,"98,814,372.57",Health Care
ANET,ARISTA NETWORKS INC,Equity,0.06,"98,779,947.83",Information Technology
SYMC,SYMANTEC CORP,Equity,0.06,"98,653,537.74",Information Technology
SWKS,SKYWORKS SOLUTIONS INC,Equity,0.06,"98,382,775.92",Information Technology
RMD,RESMED INC,Equity,0.06,"97,967,923.20",Health Care
K,KELLOGG,Equity,0.06,"97,864,696.08",Consumer Staples
GWW,WW GRAINGER INC,Equity,0.06,"96,862,500.93",Industrials
CMA,COMERICA INC,Equity,0.06,"96,562,093.10",Financials
BBY,BEST BUY INC,Equity,0.06,"96,385,360.32",Consumer Discretionary
WDC,WESTERN DIGITAL CORP,Equity,0.06,"96,354,110.09",Information Technology
HES,HESS CORP,Equity,0.06,"96,298,823.84",Energy
MRO,MARATHON OIL CORP,Equity,0.06,"95,644,303.53",Energy
DRI,DARDEN RESTAURANTS INC,Equity,0.06,"95,264,112.24",Consumer Discretionary
DHI,D R HORTON INC,Equity,0.06,"94,938,665.16",Consumer Discretionary
MGM,MGM RESORTS INTERNATIONAL,Equity,0.06,"94,537,763.64",Consumer Discretionary
CE,CELANESE CORP,Equity,0.06,"94,322,897.76",Materials
WCG,WELLCARE HEALTHCARE PLANS INC,Equity,0.06,"94,081,724.30",Health Care
DVN,DEVON ENERGY CORP,Equity,0.06,"93,980,181.80",Energy
PFG,PRINCIPAL FINANCIAL GROUP INC,Equity,0.06,"93,290,648.23",Financials
BHGE,BAKER HUGHES CLASS A,Equity,0.06,"92,513,637.90",Energy
DOV,DOVER CORP,Equity,0.06,"91,587,482.14",Industrials
CTXS,CITRIX SYSTEMS INC,Equity,0.06,"91,532,551.16",Information Technology
ABC,AMERISOURCEBERGEN CORP,Equity,0.06,"91,490,505.47",Health Care
XYL,XYLEM INC,Equity,0.06,"91,059,276.00",Industrials
EFX,EQUIFAX INC,Equity,0.06,"90,739,022.40",Industrials
TXT,TEXTRON INC,Equity,0.06,"90,506,251.50",Industrials
LNC,LINCOLN NATIONAL CORP,Equity,0.06,"90,143,969.85",Financials
SIVB,SVB FINANCIAL GROUP,Equity,0.06,"90,051,732.24",Financials
TFX,TELEFLEX INC,Equity,0.06,"89,418,946.38",Health Care
L,LOEWS CORP,Equity,0.06,"89,061,587.37",Financials
CINF,CINCINNATI FINANCIAL CORP,Equity,0.06,"88,795,834.52",Financials
IT,GARTNER INC,Equity,0.06,"88,565,100.90",Information Technology
IFF,INTERNATIONAL FLAVORS & FRAGRANCES,Equity,0.05,"88,056,182.15",Materials
WYNN,WYNN RESORTS LTD,Equity,0.05,"87,797,409.50",Consumer Discretionary
EXPD,EXPEDITORS INTERNATIONAL OF WASHIN,Equity,0.05,"87,760,936.80",Industrials
CTL,CENTURYLINK INC,Equity,0.05,"86,987,994.24",Communication
APA,APACHE CORP,Equity,0.05,"86,494,479.33",Energy
FTNT,FORTINET INC,Equity,0.05,"86,393,282.91",Information Technology
CHRW,CH ROBINSON WORLDWIDE INC,Equity,0.05,"85,658,935.02",Industrials
HOLX,HOLOGIC INC,Equity,0.05,"84,759,465.84",Health Care
ETFC,E TRADE FINANCIAL CORP,Equity,0.05,"84,499,031.50",Financials
UDR,UDR REIT INC,Equity,0.05,"84,220,147.44",Real Estate
NCLH,NORWEGIAN CRUISE LINE HOLDINGS LTD,Equity,0.05,"84,187,958.85",Consumer Discretionary
NRG,NRG ENERGY INC,Equity,0.05,"83,389,735.28",Utilities
EXR,EXTRA SPACE STORAGE REIT INC,Equity,0.05,"82,479,298.08",Real Estate
FMC,FMC CORP,Equity,0.05,"82,141,262.95",Materials
MAA,MID AMERICA APARTMENT COMMUNITIES,Equity,0.05,"81,955,170.00",Real Estate
STX,SEAGATE TECHNOLOGY PLC,Equity,0.05,"81,889,915.68",Information Technology
CPRT,COPART INC,Equity,0.05,"81,440,864.43",Industrials
VAR,VARIAN MEDICAL SYSTEMS INC,Equity,0.05,"81,197,004.24",Health Care
DGX,QUEST DIAGNOSTICS INC,Equity,0.05,"81,188,747.80",Health Care
VNO,VORNADO REALTY TRUST REIT,Equity,0.05,"81,171,984.76",Real Estate
BR,BROADRIDGE FINANCIAL SOLUTIONS INC,Equity,0.05,"81,100,469.16",Information Technology
TSCO,TRACTOR SUPPLY,Equity,0.05,"80,814,106.52",Consumer Discretionary
HRL,HORMEL FOODS CORP,Equity,0.05,"80,608,666.32",Consumer Staples
MLM,MARTIN MARIETTA MATERIALS INC,Equity,0.05,"79,834,770.00",Materials
EMN,EASTMAN CHEMICAL,Equity,0.05,"79,579,768.50",Materials
AAP,ADVANCE AUTO PARTS INC,Equity,0.05,"79,557,076.35",Consumer Discretionary
TAP,MOLSON COORS BREWING CLASS B,Equity,0.05,"79,334,683.34",Consumer Staples
ATO,ATMOS ENERGY CORP,Equity,0.05,"79,192,745.16",Utilities
SJM,JM SMUCKER,Equity,0.05,"79,105,673.02",Consumer Staples
AES,AES CORP,Equity,0.05,"78,638,931.39",Utilities
MOS,MOSAIC,Equity,0.05,"78,423,463.30",Materials
MAS,MASCO CORP,Equity,0.05,"78,238,077.83",Industrials
UHS,UNIVERSAL HEALTH SERVICES INC CLAS,Equity,0.05,"78,085,463.56",Health Care
CAG,CONAGRA BRANDS INC,Equity,0.05,"77,330,425.48",Consumer Staples
KSU,KANSAS CITY SOUTHERN,Equity,0.05,"77,026,251.15",Industrials
AKAM,AKAMAI TECHNOLOGIES INC,Equity,0.05,"76,968,324.86",Information Technology
REG,REGENCY CENTERS REIT CORP,Equity,0.05,"76,062,939.84",Real Estate
NBL,NOBLE ENERGY INC,Equity,0.05,"75,659,759.64",Energy
NOV,NATIONAL OILWELL VARCO INC,Equity,0.05,"75,283,006.72",Energy
URI,UNITED RENTALS INC,Equity,0.05,"75,256,252.72",Industrials
CBOE,CBOE GLOBAL MARKETS INC,Equity,0.05,"74,761,251.60",Financials
LNT,ALLIANT ENERGY CORP,Equity,0.05,"74,095,472.40",Utilities
DRE,DUKE REALTY REIT CORP,Equity,0.05,"73,530,481.65",Real Estate
RJF,RAYMOND JAMES INC,Equity,0.05,"73,086,088.24",Financials
PNW,PINNACLE WEST CORP,Equity,0.05,"72,183,601.92",Utilities
PKI,PERKINELMER INC,Equity,0.04,"72,077,842.66",Health Care
FFIV,F5 NETWORKS INC,Equity,0.04,"72,039,571.20",Information Technology
KMX,CARMAX INC,Equity,0.04,"71,430,298.44",Consumer Discretionary
KSS,KOHLS CORP,Equity,0.04,"71,380,279.22",Consumer Discretionary
COG,CABOT OIL & GAS CORP,Equity,0.04,"71,099,922.22",Energy
TPR,TAPESTRY INC,Equity,0.04,"70,910,815.86",Consumer Discretionary
JKHY,JACK HENRY ANS ASSOCIATES INC,Equity,0.04,"70,700,743.44",Information Technology
LW,LAMB WESTON HOLDINGS INC,Equity,0.04,"70,251,769.50",Consumer Staples
VIAB,VIACOM INC CLASS B,Equity,0.04,"70,146,605.76",Communication
IRM,IRON MOUNTAIN INC,Equity,0.04,"69,429,886.92",Real Estate
WRK,WESTROCK,Equity,0.04,"68,755,722.42",Materials
CF,CF INDUSTRIES HOLDINGS INC,Equity,0.04,"68,740,562.28",Materials
NDAQ,NASDAQ INC,Equity,0.04,"68,467,575.12",Financials
GRMN,GARMIN LTD,Equity,0.04,"68,397,595.11",Consumer Discretionary
FRT,FEDERAL REALTY INVESTMENT TRUST RE,Equity,0.04,"68,278,777.20",Real Estate
TTWO,TAKE TWO INTERACTIVE SOFTWARE INC,Equity,0.04,"67,600,016.09",Communication
DISCK,DISCOVERY INC SERIES C,Equity,0.04,"67,444,643.91",Communication
TIF,TIFFANY,Equity,0.04,"67,147,615.80",Consumer Discretionary
HAS,HASBRO INC,Equity,0.04,"66,950,828.00",Consumer Discretionary
ZION,ZIONS BANCORPORATION,Equity,0.04,"66,587,930.36",Financials
BEN,FRANKLIN RESOURCES INC,Equity,0.04,"66,347,539.41",Financials
NI,NISOURCE INC,Equity,0.04,"65,922,464.88",Utilities
FTI,TECHNIPFMC PLC,Equity,0.04,"65,835,881.22",Energy
JNPR,JUNIPER NETWORKS INC,Equity,0.04,"65,456,269.45",Information Technology
HII,HUNTINGTON INGALLS INDUSTRIES INC,Equity,0.04,"64,646,022.27",Industrials
ALB,ALBEMARLE CORP,Equity,0.04,"64,418,816.28",Materials
XRAY,DENTSPLY SIRONA INC,Equity,0.04,"63,543,657.33",Health Care
JBHT,JB HUNT TRANSPORT SERVICES INC,Equity,0.04,"63,541,626.93",Industrials
PKG,PACKAGING CORP OF AMERICA,Equity,0.04,"63,369,430.51",Materials
AVY,AVERY DENNISON CORP,Equity,0.04,"63,253,298.96",Materials
WHR,WHIRLPOOL CORP,Equity,0.04,"63,137,172.52",Consumer Discretionary
RE,EVEREST RE GROUP LTD,Equity,0.04,"62,973,344.04",Financials
NLSN,NIELSEN HOLDINGS PLC,Equity,0.04,"61,838,312.40",Industrials
IPG,INTERPUBLIC GROUP OF COMPANIES INC,Equity,0.04,"61,754,821.25",Communication
HSIC,HENRY SCHEIN INC,Equity,0.04,"61,269,409.26",Health Care
SNA,SNAP ON INC,Equity,0.04,"60,888,747.96",Industrials
JEC,JACOBS ENGINEERING GROUP INC,Equity,0.04,"60,434,117.45",Industrials
HFC,HOLLYFRONTIER CORP,Equity,0.04,"59,821,300.96",Energy
PVH,PVH CORP,Equity,0.04,"59,584,174.84",Consumer Discretionary
BWA,BORGWARNER INC,Equity,0.04,"59,264,792.00",Consumer Discretionary
LKQ,LKQ CORP,Equity,0.04,"59,252,806.50",Consumer Discretionary
MHK,MOHAWK INDUSTRIES INC,Equity,0.04,"59,205,857.00",Consumer Discretionary
ALLE,ALLEGION PLC,Equity,0.04,"58,861,588.50",Industrials
QRVO,QUORVO INC,Equity,0.04,"57,367,410.60",Information Technology
TMK,TORCHMARK CORP,Equity,0.04,"56,885,394.28",Financials
UNM,UNUM,Equity,0.04,"56,668,848.65",Financials
RHI,ROBERT HALF,Equity,0.03,"55,592,036.16",Industrials
ADS,ALLIANCE DATA SYSTEMS CORP,Equity,0.03,"55,306,172.52",Information Technology
BFB,BROWN FORMAN CORP CLASS B,Equity,0.03,"54,621,874.56",Consumer Staples
IVZ,INVESCO LTD,Equity,0.03,"54,493,229.85",Financials
ARNC,ARCONIC INC,Equity,0.03,"54,442,154.08",Industrials
SLG,SL GREEN REALTY REIT CORP,Equity,0.03,"53,072,137.98",Real Estate
WU,WESTERN UNION,Equity,0.03,"52,903,696.11",Information Technology
AIV,APARTMENT INVESTMENT AND MANAGEMEN,Equity,0.03,"52,374,522.87",Real Estate
DISH,DISH NETWORK CORP CLASS A,Equity,0.03,"52,235,885.34",Communication
ALK,ALASKA AIR GROUP INC,Equity,0.03,"51,111,340.80",Industrials
M,MACYS INC,Equity,0.03,"50,787,363.78",Consumer Discretionary
AOS,A O SMITH CORP,Equity,0.03,"50,742,069.26",Industrials
KIM,KIMCO REALTY REIT CORP,Equity,0.03,"50,504,259.60",Real Estate
FLIR,FLIR SYSTEMS INC,Equity,0.03,"49,534,735.00",Information Technology
XEC,CIMAREX ENERGY,Equity,0.03,"49,387,560.40",Energy
NWL,NEWELL BRANDS INC,Equity,0.03,"49,364,287.14",Consumer Discretionary
DVA,DAVITA INC,Equity,0.03,"49,205,803.30",Health Care
PHM,PULTEGROUP INC,Equity,0.03,"49,144,827.46",Consumer Discretionary
RL,RALPH LAUREN CORP CLASS A,Equity,0.03,"47,377,242.64",Consumer Discretionary
NKTR,NEKTAR THERAPEUTICS,Equity,0.03,"47,083,060.35",Health Care
PNR,PENTAIR,Equity,0.03,"46,812,440.85",Industrials
FBHS,FORTUNE BRANDS HOME AND SECURITY I,Equity,0.03,"46,722,584.30",Industrials
FL,FOOT LOCKER INC,Equity,0.03,"46,677,663.48",Consumer Discretionary
HBI,HANESBRANDS INC,Equity,0.03,"46,600,297.40",Consumer Discretionary
PBCT,PEOPLES UNITED FINANCIAL INC,Equity,0.03,"46,502,605.19",Financials
SEE,SEALED AIR CORP,Equity,0.03,"45,562,147.95",Materials
CPRI,CAPRI HOLDINGS LTD,Equity,0.03,"44,395,935.04",Consumer Discretionary
XRX,XEROX CORP,Equity,0.03,"44,170,330.22",Information Technology
CPB,CAMPBELL SOUP,Equity,0.03,"43,748,240.27",Consumer Staples
PRGO,PERRIGO PLC,Equity,0.03,"42,810,901.22",Health Care
LB,L BRANDS INC,Equity,0.03,"42,072,888.00",Consumer Discretionary
HOG,HARLEY DAVIDSON INC,Equity,0.03,"40,887,538.23",Consumer Discretionary
LEG,LEGGETT & PLATT INC,Equity,0.03,"40,827,877.92",Consumer Discretionary
FLS,FLOWSERVE CORP,Equity,0.03,"40,151,062.56",Industrials
ROL,ROLLINS INC,Equity,0.02,"39,399,796.62",Industrials
HP,HELMERICH & PAYNE INC,Equity,0.02,"39,376,988.70",Energy
TRIP,TRIPADVISOR INC,Equity,0.02,"39,267,595.84",Communication
AMG,AFFILIATED MANAGERS GROUP INC,Equity,0.02,"37,923,111.52",Financials
IPGP,IPG PHOTONICS CORP,Equity,0.02,"37,797,555.18",Information Technology
FLR,FLUOR CORP,Equity,0.02,"36,752,896.84",Industrials
JEF,JEFFERIES FINANCIAL GROUP INC,Equity,0.02,"36,656,724.72",Financials
PWR,QUANTA SERVICES INC,Equity,0.02,"36,438,084.48",Industrials
GPS,GAP INC,Equity,0.02,"34,929,253.88",Consumer Discretionary
HRB,H&R BLOCK INC,Equity,0.02,"34,815,554.40",Consumer Discretionary
BHF,BRIGHTHOUSE FINANCIAL INC,Equity,0.02,"34,787,573.88",Financials
COTY,COTY INC CLASS A,Equity,0.02,"34,580,755.30",Consumer Staples
AIZ,ASSURANT INC,Equity,0.02,"34,226,745.30",Financials
NWSA,NEWS CORP CLASS A,Equity,0.02,"33,764,432.68",Communication
JWN,NORDSTROM INC,Equity,0.02,"33,167,360.76",Consumer Discretionary
MAT,MATTEL INC,Equity,0.02,"32,704,139.16",Consumer Discretionary
MAC,MACERICH REIT,Equity,0.02,"32,263,985.44",Real Estate
DISCA,DISCOVERY INC SERIES A,Equity,0.02,"31,277,250.12",Communication
GT,GOODYEAR TIRE & RUBBER,Equity,0.02,"30,587,086.80",Consumer Discretionary
UAA,UNDER ARMOUR INC CLASS A,Equity,0.02,"27,473,568.08",Consumer Discretionary
UA,UNDER ARMOUR INC CLASS C,Equity,0.02,"25,685,475.44",Consumer Discretionary
UBFUT,CASH COLLATERAL USD UBFUT,Cash Collateral and Margins,0.01,"22,676,800.00",Cash and/or Derivatives
NWS,NEWS CORP CLASS B,Equity,0.01,"9,782,242.78",Communication
-,APARTMENT INVESTMENT DUMMY STOCK D,Equity,0,"1,666,805.14",Real Estate
ESH9,S&P500 EMINI MAR 19,Futures,0,"517,488,480.00",Cash and/or Derivatives